"","nearest_to(modelC1, modelC1[[c(terms)]], 50)"
"islam",1.11022302462516e-16
"religion",0.233912151549729
"radical",0.24423353357277
"muslim",0.269861171066853
"islam""",0.299497845372615
"muslims",0.303457300584455
"tolerance",0.344783195467341
"#endislam",0.351548658955858
"terrorism",0.351857507888905
"#islam",0.351925277120972
"ideology",0.35589239268543
"islamic",0.366073208799991
"islamist",0.367756764572715
"@rickyjames94",0.37289916771107
"httpstcoyxlbkqkqtm""",0.373829488628693
"#muslimsarenotterrorist""",0.384410302857239
"barbarianism",0.385342377131999
"""#muslims",0.38843417202276
"cult",0.390460495442515
"@boschfawstin",0.393713481234158
"fundamentalism",0.394399332208812
"@smillinghk",0.396283258848373
"@piersmorgan""",0.396472453113259
"quran",0.397088258231297
"#muslims",0.397111522550507
"violence""",0.397539874085454
"@counterjihad",0.39862445514544
"problem",0.399411852161255
"#muslimsarenotterrorist",0.399890405486389
"#muslimsareterrorists""",0.400070443422328
"@testisfidelis",0.403904221118348
"#religionofpeace",0.406766535267775
"@sillyelsa",0.40769585765992
"devout",0.408685218491672
"brotherhood""",0.41258677077403
"islama",0.415486286902537
"@jkercado",0.418145762606547
"@ariaahrary",0.41904472043236
"@capitalismlover",0.421123247052226
"criticize",0.42119335006326
"@destroyerdiablo",0.422190869560206
"@barackobama",0.422816822701613
"#noviolentjihadday",0.422864820101804
"equate",0.4229322916129
"#radicalislam",0.424452172357331
"@hanktastic1776",0.424747273799587
"muslims#parisattacks#auspol#franceunderattack#france#paris#islamicstate""",0.426173308625247
"represent",0.427045295086283
"""islam",0.428222637750806
"pc",0.430225165057751
