"","nearest_to(modelC2, modelC2[[c(terms)]], 50)"
"islam",3.33066907387547e-16
"muslim",0.206877657123831
"httpstco8l0kl12uni",0.224982897399505
"koran",0.235735550005442
"muslims",0.248687126196278
"radical",0.25523752836637
"sharia",0.262319694643741
"#bansharia",0.268673408212227
"@politicalislam",0.269090913405134
"#billwarnerphd",0.270903806641509
"jihad",0.271311852217404
"quran",0.271964262285829
"moderate",0.279607268517059
"""VigilPatriot""",0.293188336058914
"httpstcogf5d5srtby",0.301928941614914
"nonmuslims",0.304103741420273
"terrorism",0.306466267892109
"""moderate",0.306690967474528
"figment",0.310182226156124
"islamic",0.312727144199171
"#whyweareafraid",0.316301551575637
"#crusades",0.32672036444853
"""sharia",0.341322867892828
"christians",0.341494377221168
"httpstcocxl3xo7hhp",0.342657470646014
"allah",0.3452544170583
"islamism",0.347511356988906
"islams",0.347649518232371
"@radicalrw",0.349176607761279
"@porfiemoreno",0.349275379143446
"httpstcoxjadi5gdkp",0.350511542482561
"httpstcondadfjlxmd",0.350815027034887
"islamists",0.353990702302672
"""islam",0.35426005214215
"nonmuslims""",0.354466632987695
"terrorists",0.35663522621941
"@nsroundtable",0.357166805740096
"civilizations",0.358370320760261
"ideology",0.361720190155335
"nonbelievers",0.363915007289741
"httpstcoazj1yunhjg",0.364863140974932
"""ourviolentchild""",0.364963008799714
"""#nytimes",0.366836435085876
"#jahiliyah",0.367112253146785
"islam""",0.36771544136581
"@politicalislamcom",0.371451039012356
"muslims""",0.371820065335224
"jihadist",0.371863757269471
"moderation",0.372997587194713
"#muslimsareterrorists""",0.37578529300608
